Feature,Importance
amsre_6v_max,0.08645144340071083
ssmis_37h_mean,0.05812428911974826
ssmis_19v_mean,0.05573730775131275
amsre_6h_max,0.04287825002417295
ssmis_19h_mean,0.041885259508015894
ssmis_183_7_std,0.041717767863424966
amsre_89h_min,0.03552890957454112
amsre_89h_max,0.032471233159959305
ssmis_37v_mean,0.029452002002786203
amsre_89v_std,0.028724300468029252
ssmis_183_3_std,0.02519343183927785
amsre_36v_min,0.02360328054466459
amsre_18h_mean,0.023478078870370882
amsre_18v_max,0.022635180077819426
ssmis_91v_std,0.021715158912417175
amsre_10h_min,0.02050796130889119
amsre_36v_mean,0.019904856715093996
amsre_23v_max,0.018807171284718927
amsre_23v_mean,0.01629101449212203
amsre_10h_mean,0.015754670162390013
ssmis_19h_std,0.01456903435391676
amsre_6h_min,0.014352778387239373
ssmis_150h_std,0.014090314761499296
amsre_6v_std,0.012732052086912225
amsre_18h_max,0.012572842861778375
amsre_89h_mean,0.01222510919006821
ssmis_37v_std,0.011415877200096992
lon_hi_max,0.011011732670739769
amsre_36h_max,0.010841760755390418
lon_hi_mean,0.010664021895965629
amsre_23v_std,0.010632856772156125
ssmis_150h_mean,0.010118430764370367
ssmis_150h_max,0.009673827963126904
ssmis_183_1_std,0.008875614777436496
amsre_6v_min,0.008530607018804344
amsre_18v_mean,0.008518054536730595
lat_hi_mean,0.008369647010217869
amsre_89h_std,0.008356519585293242
amsre_36h_mean,0.00804231191372348
amsre_23h_mean,0.007465413339244082
amsre_89v_mean,0.007392716537433864
amsre_36h_std,0.006706639230958148
lon_lo_std,0.006351567475346186
lon_lo_max,0.005598632297845244
ssmis_37h_max,0.005184740807576876
amsre_6h_mean,0.005069377825010086
ssmis_183_3_min,0.004698723566304725
amsre_23h_std,0.004509197505619193
ssmis_91h_mean,0.004446406283873867
amsre_10v_min,0.00431559534337013
amsre_10h_max,0.004301851418258493
amsre_36h_min,0.003944014639439533
lat_hi_std,0.0032661430472948638
lon_lo_min,0.0031656457416550992
ssmis_37h_std,0.003135391810177432
lon_hi_min,0.0030807138479110306
amsre_89v_max,0.003015365541505216
amsre_10h_std,0.0028290956096660856
ssmis_37v_min,0.0028225875981662753
lon_hi_std,0.002669289767985369
amsre_23h_max,0.0025318718802264367
amsre_10v_max,0.0024271884586496884
ssmis_19v_std,0.002422588636275442
ssmis_183_3_mean,0.001917078727024784
ssmis_19h_max,0.0018015944387717753
lat_lo_max,0.0016904006194079092
ssmis_91h_std,0.0015493358088765935
ssmis_91v_mean,0.0015277105371828542
lat_lo_std,0.001500011753473443
ssmis_22v_std,0.0013862406793118873
amsre_23v_min,0.0013659563379461196
lat_lo_mean,0.0013092966275192572
amsre_36v_std,0.0012811017757557027
amsre_89v_min,0.0012369490029902912
ssmis_183_7_max,0.0012296068000421008
ssmis_91h_min,0.0012282825639704739
ssmis_183_1_max,0.0012126155867621911
ssmis_37h_min,0.0009391113936405962
ssmis_183_1_min,0.0009193013552295227
amsre_18v_min,0.0009024780502532037
ssmis_19v_max,0.0008531724657976945
amsre_18v_std,0.0007894064940870752
lat_lo_min,0.0006394458368142526
ssmis_91v_max,0.0005848841823419076
ssmis_22v_min,0.0005706556871180876
ssmis_183_7_min,0.0005598336093202694
amsre_6h_std,0.000530236074208495
ssmis_150h_min,0.0004956459896498592
ssmis_183_7_mean,0.00044668860502889807
ssmis_19h_min,0.0004266717383118118
ssmis_91v_min,0.000421321066894288
lon_lo_mean,0.0004206904967113943
ssmis_183_1_mean,0.00038086509688597616
amsre_36v_max,0.0003650234994950022
ssmis_22v_max,0.00027153118624641807
amsre_18h_std,0.00022093872652712744
amsre_23h_min,0.0001950745291012167
amsre_10v_mean,0.0001937991209438887
amsre_10v_std,0.00018053345416959863
ssmis_19v_min,0.00013879845916651471
amsre_18h_min,0.00011927692311213591
ssmis_183_3_max,0.00011252582979274764
ssmis_91h_max,0.00010030034535163059
amsre_6v_mean,8.33988764464517e-05
lat_hi_max,4.8398185068067364e-05
ssmis_22v_mean,2.888288863895952e-05
lat_hi_min,1.920877888409683e-05
ssmis_37v_max,0.0
RI_mean,0.0
RI_std,0.0
RI_min,0.0
RI_max,0.0
RAIN_INDICATOR_USABILITY_mean,0.0
RAIN_INDICATOR_USABILITY_std,0.0
RAIN_INDICATOR_USABILITY_min,0.0
RAIN_INDICATOR_USABILITY_max,0.0
RI_emi_mean,0.0
RI_emi_std,0.0
RI_emi_min,0.0
RI_emi_max,0.0
RI_scat_mean,0.0
RI_scat_std,0.0
RI_scat_min,0.0
RI_scat_max,0.0
PD_18_mean,0.0
PD_18_std,0.0
PD_18_min,0.0
PD_18_max,0.0
PD_36_mean,0.0
PD_36_std,0.0
PD_36_min,0.0
PD_36_max,0.0
PD_89_mean,0.0
PD_89_std,0.0
PD_89_min,0.0
PD_89_max,0.0
PCT_mean,0.0
PCT_std,0.0
PCT_min,0.0
PCT_max,0.0
