ssmis_150h_mean,ssmis_150h_std,ssmis_150h_min,ssmis_150h_max,ssmis_183_1_mean,ssmis_183_1_std,ssmis_183_1_min,ssmis_183_1_max,ssmis_183_3_mean,ssmis_183_3_std,ssmis_183_3_min,ssmis_183_3_max,ssmis_183_7_mean,ssmis_183_7_std,ssmis_183_7_min,ssmis_183_7_max,ssmis_19h_mean,ssmis_19h_std,ssmis_19h_min,ssmis_19h_max,ssmis_19v_mean,ssmis_19v_std,ssmis_19v_min,ssmis_19v_max,ssmis_22v_mean,ssmis_22v_std,ssmis_22v_min,ssmis_22v_max,ssmis_37h_mean,ssmis_37h_std,ssmis_37h_min,ssmis_37h_max,ssmis_37v_mean,ssmis_37v_std,ssmis_37v_min,ssmis_37v_max,ssmis_91h_mean,ssmis_91h_std,ssmis_91h_min,ssmis_91h_max,ssmis_91v_mean,ssmis_91v_std,ssmis_91v_min,ssmis_91v_max,filename
270.4994934913994,23.29316094475602,120.26,291.26,242.88539237563927,11.514515211664923,137.41,271.0,254.23859158530917,15.533350905321164,120.43,282.47,260.9288554160855,20.266817401673197,116.26,288.06,209.23363830776387,44.44103271390197,119.66,283.46,242.88939888423988,24.366635600824623,192.37,285.14,266.4443272896327,12.621318149377089,211.91,288.5,220.71897257089728,39.623599090631714,139.75,283.08,249.01366201766615,20.303875847773217,205.8,282.88,267.7067640632264,15.6902529016798,155.94,295.85,274.78588284518827,12.051975034634829,156.25,287.59000000000003,SSMIS_F16_L1B_BRIGHTNESS_20101030_2326 (1).nc
270.4994934913994,23.29316094475602,120.26,291.26,242.88539237563927,11.514515211664923,137.41,271.0,254.23859158530917,15.533350905321164,120.43,282.47,260.9288554160855,20.266817401673197,116.26,288.06,209.23363830776387,44.44103271390197,119.66,283.46,242.88939888423988,24.366635600824623,192.37,285.14,266.4443272896327,12.621318149377089,211.91,288.5,220.71897257089728,39.623599090631714,139.75,283.08,249.01366201766615,20.303875847773217,205.8,282.88,267.7067640632264,15.6902529016798,155.94,295.85,274.78588284518827,12.051975034634829,156.25,287.59000000000003,SSMIS_F16_L1B_BRIGHTNESS_20101030_2326.nc
270.1486069270107,22.124614518077532,132.51,291.82,242.96648535564853,9.26444412028454,163.79,274.28000000000003,254.65455346350535,12.774574342819202,144.12,282.98,261.34552905625293,17.560979639954393,131.65,288.21,204.55808693630865,43.30210380508033,144.27,280.48,240.22543979544398,23.035867013328723,208.54,283.65000000000003,265.99150023245,8.863948025678473,245.66,285.5,217.44763133426318,38.69720167074462,158.9,280.62,247.27199628079967,19.011309803885354,219.0,282.34000000000003,266.2965669456067,11.641837318581025,174.46,288.89,273.5295516039052,10.52641477172139,175.65,287.65000000000003,SSMIS_F16_L1B_BRIGHTNESS_20101102_0041.nc
271.49859321245935,21.24152125183313,114.34,292.08,241.97593375174338,8.491697594039668,139.81,272.7,253.8171157601116,12.83947287935531,121.10000000000001,282.06,261.2883182240818,17.677338362074188,115.7,287.12,209.9606192468619,46.31293039883131,124.22,283.16,243.46471873547185,25.16979480244948,193.65,285.76,267.2518665736867,11.006518766967128,213.08,285.91,221.73013900511387,41.01578111052135,144.79,283.18,249.7216927010693,20.815752246185063,208.03,284.19,267.84384635053465,13.595517774870324,148.81,290.42,274.8636336587634,10.746585695654725,153.49,287.53000000000003,SSMIS_F16_L1B_BRIGHTNESS_20101103_0029.nc
276.49328475127845,19.843808875242892,91.21000000000001,294.93,243.6286576011158,10.502194348396173,105.82000000000001,267.48,258.52189562993954,15.155448243378556,95.91,281.37,266.996009995351,18.719107394232587,93.73,290.96,208.8727591817759,47.19609300817975,139.25,276.84000000000003,243.16469084146908,26.161496331033238,205.21,283.04,266.6305309158531,11.104861019735466,236.92000000000002,285.65000000000003,220.09150069735006,41.74972846918246,154.93,278.63,249.05431520223152,21.621836378326574,216.4,282.71,268.8642924221292,12.07807078896686,107.28,289.52,276.4514109716411,9.676282384501413,107.46000000000001,289.73,SSMIS_F16_L1B_BRIGHTNESS_20101106_0131.nc
276.48412401433694,23.84519049970908,80.99,296.32,242.61165268817203,13.88636034446363,98.21000000000001,269.84000000000003,256.88198064516126,19.534011813558468,89.07000000000001,283.86,264.54663082437276,23.106987025291872,83.83,291.96,206.104023655914,45.92559213733702,135.68,281.17,242.44545448028674,25.46975843089633,206.85,286.42,268.1313799283154,11.143361928230627,239.46,288.98,216.67658566308245,41.594349923787085,149.18,282.11,247.78504229390683,21.47861663701339,196.20000000000002,285.0,268.1400759856631,15.211065607372447,86.72,289.21,276.9873394265233,13.212173422182902,84.72,291.23,SSMIS_F16_L1B_BRIGHTNESS_20101106_1241.nc
275.8454632728963,20.164804726837247,91.18,293.49,242.1686278475128,10.663315764742295,109.81,267.02,255.731689679219,15.776387594128082,98.55,279.7,264.44709483960946,19.40295750671214,95.5,287.91,210.6319888423989,47.48549363295762,144.03,278.72,243.9009033007903,25.93362424387578,209.68,282.87,267.59692189679225,9.846334600855442,232.05,285.89,220.53360669456066,41.74984531371174,158.83,280.34000000000003,249.13917108321712,21.270161117222393,208.02,282.84000000000003,269.40864342166435,11.91748529420389,93.19,290.59000000000003,276.4045569502557,10.587573637474783,93.59,288.62,SSMIS_F16_L1B_BRIGHTNESS_20101107_0119.nc
279.3371808712121,11.713617433898897,107.99000000000001,292.87,245.83495896464646,8.960743620687396,129.93,268.35,260.36499053030303,11.18441624306529,114.24000000000001,280.62,270.06429324494945,12.392031996173355,110.85000000000001,290.27,193.0420643939394,59.80348381613197,112.21000000000001,283.59000000000003,236.8502986111111,34.26619283410272,190.70000000000002,293.85,259.3072146464647,22.252124960256186,208.28,293.75,204.39747537878787,53.184321838683644,132.27,286.04,242.90448863636365,28.64126781409315,204.86,291.07,258.64987026515155,23.87603985649106,133.59,296.85,275.2027215909091,10.272357426941094,136.96,291.35,SSMIS_F16_L1B_BRIGHTNESS_20101108_1358.nc
274.35097582519757,16.400703481041774,142.39000000000001,291.01,250.08143654114366,8.768322078594053,170.5,272.51,263.68772245467227,11.552032931277953,153.73,284.01,271.39060762436077,14.073084608165322,141.62,291.63,195.85509019060902,55.20621309436223,115.2,281.55,237.9567178056718,32.04775706054439,192.69,289.87,257.97345234774525,19.870741737137998,210.95000000000002,289.13,206.61849883774988,49.17312230252851,131.78,282.6,243.43482426778243,26.393716860302202,205.48000000000002,287.41,255.20876173872617,21.52541322275733,167.93,290.5,270.82568944676893,12.67293656010748,173.18,289.71,SSMIS_F16_L1B_BRIGHTNESS_20101109_0233.nc
278.4077232606438,15.805881555709389,96.60000000000001,294.03000000000003,246.31455555555556,8.779523759001275,122.74000000000001,270.45,260.1637873831776,12.033803824216024,106.88,284.91,268.78286033229494,14.551871484384485,103.95,291.90000000000003,215.02207995846314,56.83277377022243,107.3,283.86,249.7549724818276,32.80187832574626,189.75,295.25,268.7464366562825,18.172060392452558,207.38,294.77,224.06778816199375,50.36429876347365,128.2,286.99,253.67365524402905,27.078618712452702,204.69,293.16,267.5983790238837,19.20381033914101,111.61,294.86,278.3492886812046,10.48999593232395,113.91,292.64,SSMIS_F16_L1B_BRIGHTNESS_20101109_1346.nc
270.45793630869366,22.384017619871756,119.01,292.29,248.9440590423059,7.754283980872844,147.92000000000002,269.67,261.53445165039517,12.50450078670833,128.08,284.26,267.3871176197118,17.507374849701485,120.35000000000001,290.91,219.2023840074384,51.57890471565462,110.19,282.04,249.62326964202697,29.464559369124242,189.82,290.47,264.23065922826595,17.798137156494295,206.73000000000002,290.85,226.47613714551372,45.45913001864264,129.96,284.13,252.26361645746167,24.732173029672868,188.73,289.21,260.6141592282659,22.591229716309282,139.07,304.1,270.2690209205021,18.293697235113882,138.33,289.04,SSMIS_F16_L1B_BRIGHTNESS_20101110_0219.nc
271.24062133891215,23.271601352592487,105.78,292.14,241.62350557880058,11.548277916487821,129.17000000000002,269.61,253.729269874477,15.26604827528851,114.82000000000001,280.99,259.7655516039051,19.65091138595634,105.83,288.18,214.81793351929335,46.27210991198059,120.59,283.8,245.52988842398887,25.755861853750588,191.74,284.81,267.6789139934914,12.816342536125337,211.72,289.85,225.19752487215248,40.442613064261316,139.63,282.26,251.02543235704323,20.412932047614433,206.39000000000001,281.47,268.1941606229661,15.185112149711141,130.02,287.77,276.412509995351,12.142449500374584,132.39000000000001,289.36,SSMIS_F17_L1B_BRIGHTNESS_20101030_2216.nc
272.23141562064154,21.152459717954358,113.66,295.48,240.17667456996747,8.507655935567163,140.53,271.75,252.8786469084147,12.802143243989343,122.58,280.85,259.69583658763366,17.324795597533292,115.85000000000001,286.91,207.67045792654582,45.24231127374561,142.49,282.67,241.71510646211067,24.45995371380263,207.06,284.61,266.89919711761974,9.63847237470762,232.02,284.90000000000003,218.77485076708513,40.09367126995083,157.06,283.13,248.06844723384475,19.480997818121665,217.91,282.63,267.5363914458392,11.992643142357574,149.96,287.58,276.306509762901,10.39265639129498,151.20000000000002,289.69,SSMIS_F17_L1B_BRIGHTNESS_20101102_2319.nc
271.2290906555091,23.312279157099216,92.87,293.39,239.06640980939096,10.514733152492864,112.15,268.86,251.14103556485355,15.462309126790876,97.89,276.16,258.0181041376104,20.041262210374157,99.37,286.52,210.77224686192466,46.10808340882339,131.39000000000001,283.23,243.45551603905162,25.279698371144153,200.14000000000001,284.77,267.4582659228266,10.976502901726043,228.92000000000002,285.86,221.34848163644816,40.438316983131045,147.71,281.64,249.2400966992097,20.097600841200904,211.53,281.51,267.3580632264063,14.35341052863513,110.92,287.61,275.9902150162715,12.101878528244775,110.75,289.54,SSMIS_F17_L1B_BRIGHTNESS_20101103_2306.nc
276.03193537889354,21.408880986668976,85.78,295.17,241.54040562529056,11.493488283375067,106.38,266.5,257.01073314737334,16.432112967745923,96.89,281.55,264.7982185030218,20.06458980820912,91.46000000000001,290.67,209.88689725708974,47.373994273469606,138.58,277.69,243.55838958623895,26.593196124952335,204.51,284.52,266.7908014876802,11.287400809035677,235.73000000000002,286.40000000000003,220.1308186889819,41.751974639068365,153.29,279.01,249.07810506741046,21.083179647140305,216.22,282.7,268.17223268247324,12.70320983283241,112.17,288.52,277.60025174337517,10.68890551378409,111.58,291.38,SSMIS_F17_L1B_BRIGHTNESS_20101106_0021.nc
275.75102258064516,24.77323807024013,81.49,297.24,241.78253870967743,12.646211436707302,103.77,267.09000000000003,256.2294863799283,18.465376922993947,87.39,280.3,263.0556982078853,22.416228283756723,88.45,288.74,205.21168673835123,45.30862007045639,135.5,281.98,241.31859713261647,25.959175964363908,204.88,288.22,267.65061146953406,11.613337041479863,237.19,289.63,217.5676200716846,41.24036833405798,147.76,283.39,247.87445878136202,21.33770269882292,208.17000000000002,285.96,268.3174892473118,14.901527046213223,96.27,290.81,278.0096541218638,12.998838719516277,94.88,293.22,SSMIS_F17_L1B_BRIGHTNESS_20101106_1131.nc
276.53492026964204,20.790401379301734,82.84,295.34000000000003,240.04044676894466,10.84297642186417,100.8,265.54,254.71936820083684,15.956121427802403,88.61,277.62,263.4125306834031,19.640796484142015,88.21000000000001,290.27,211.79724128312412,47.31822480152965,143.02,279.32,244.29166759646674,26.22729038028758,208.43,283.23,267.7904560669456,9.851834602317808,241.24,285.56,221.15863737796377,41.464079792666396,157.57,278.99,249.33164063226405,20.707316930459353,220.71,281.18,269.405729195723,11.792066397042257,87.87,288.36,278.0857368665737,10.573451262158603,88.9,289.86,SSMIS_F17_L1B_BRIGHTNESS_20101107_0008.nc
279.51716762452105,12.341241531143123,96.51,294.76,245.29654533844192,9.715101139968736,127.02,269.12,259.94359482758625,11.986040967050156,107.55,279.81,268.7788339719029,13.1544300287439,103.39,290.94,186.34277330779057,57.218132900409216,111.47,283.24,232.22030523627075,33.640485493849155,189.11,295.49,256.77287867177523,22.13511465277597,204.93,295.63,199.06902426564497,51.28413385596963,131.87,284.68,239.99989591315455,27.51148303889456,204.84,292.87,257.04355715197954,23.612003600079,116.08,289.61,275.5290533205619,10.959211936619432,114.5,295.12,SSMIS_F17_L1B_BRIGHTNESS_20101108_1248.nc
278.1605062597809,16.182249873133635,104.39,295.57,245.0118229003652,8.956467459063639,130.71,270.54,259.3010109546166,12.353249452887423,112.96000000000001,284.11,267.38246974439227,14.988097074980976,110.75,293.36,213.53909702660405,58.538303806249424,108.14,285.43,248.50537141366723,34.83990880499251,188.24,296.07,267.36346739697444,20.611877235788334,204.99,296.21,222.6550297339593,51.9939112511267,128.66,287.89,252.81488315075643,28.11512099613751,204.36,293.68,266.2207378716745,21.102709434030274,121.21000000000001,290.8,278.93647730829423,11.6039838517532,121.23,296.17,SSMIS_F17_L1B_BRIGHTNESS_20101109_1236.nc
270.38175499767556,22.840364873244674,106.96000000000001,293.46,247.48115016271507,7.854628353173657,135.66,269.43,260.77848210134823,13.071418546553478,121.78,282.99,266.40014179451424,18.026732617278046,116.51,291.02,214.94248953974898,52.67089274598008,111.56,281.38,246.79038168293823,30.367507070543603,189.85,290.91,262.09654951185496,19.060130577322457,206.11,291.32,221.89573175267316,46.371342072035205,130.18,282.74,249.46695397489543,24.63020002495683,186.91,287.98,257.9654039981404,23.349861312974824,138.35,288.91,270.5830843793584,18.752969477819317,142.15,291.23,SSMIS_F17_L1B_BRIGHTNESS_20101110_0109.nc
272.0716259879126,19.623540056538847,116.15,289.64,243.4545079033008,8.765169238402162,154.69,265.85,255.6369913993491,10.346031541547193,135.95,277.75,262.82382357043235,14.06880805678154,122.95,283.57,235.05556671315668,48.57129417539437,137.56,284.76,256.7988786610879,26.073451633265076,204.25,287.16,271.1325420734542,11.34977505987597,237.59,288.82,239.90600000000003,42.577540168263624,153.49,284.48,259.02461738726174,20.957106680958063,216.75,285.79,268.3744281729428,14.86838933458384,139.12,294.5,273.96945722919577,12.934702773896815,143.76,289.2,SSMIS_F18_L1B_BRIGHTNESS_20101022_0149.nc
274.7661464435147,21.074071560731877,95.95,292.69,243.04656136680615,11.310967192669038,108.51,272.31,256.5361057647606,14.333774734453124,92.60000000000001,284.47,263.7367470943747,18.175244501560393,93.64,291.51,199.38988423988843,47.09786348255781,129.95,282.31,237.67908926080892,26.23652254033866,199.55,286.47,264.6106132031614,12.588026427722571,223.31,289.09000000000003,211.4624309623431,42.19854755630448,144.35,282.72,245.2142357043236,21.611855778482113,211.41,285.56,266.2915750813575,13.150953526044294,133.66,297.40000000000003,275.46131218038124,10.040743875060308,136.49,292.98,SSMIS_F18_L1B_BRIGHTNESS_20101105_0226.nc
273.4127515109252,22.241226256397745,95.05,293.35,242.85166341236635,12.002057828520858,101.96000000000001,273.36,256.0657647605765,15.745291305563601,94.64,281.44,262.56718549511857,19.392395611076235,90.56,289.95,200.84593258949326,45.09599698947017,139.02,297.69,238.27708507670854,24.743035214086007,204.88,294.76,265.6109284053928,10.724566527560881,236.79,291.85,212.99861785216177,40.270038702251505,154.33,292.22,245.85121571362154,20.160598419070315,217.24,290.99,266.96125081357513,12.714848852193139,127.69,290.39,275.1866280799629,10.735828680356173,129.81,290.29,SSMIS_F18_L1B_BRIGHTNESS_20101106_0214.nc
278.51798028673835,13.50264098618348,119.59,291.72,240.7038422939068,8.104879439879745,129.19,270.58,255.1110340501792,10.27017387495361,114.28,284.5,264.7510716845878,12.744984595055213,108.85000000000001,292.7,205.91327025089606,55.82698240394647,122.95,284.04,242.66027526881723,31.53366643819488,196.59,287.92,266.2543218637993,15.51317551184406,222.26,289.26,216.83328172043014,50.21910116155046,138.91,286.61,248.25348817204303,25.93805554218277,209.76,285.73,266.97418279569894,16.43368867341153,168.63,288.87,277.6260655913979,8.165163326673468,174.16,290.33,SSMIS_F18_L1B_BRIGHTNESS_20101107_1453.nc
277.1653056717806,13.51358058027177,110.61,294.63,246.67333449558345,9.089004900076127,143.49,272.51,261.3585841469084,9.59190751098126,121.87,282.86,269.42894142259416,11.071215640986882,117.38,291.58,214.26439284053927,59.44879231395809,117.47,285.35,247.6711390051139,34.25673744433082,191.98000000000002,290.73,264.94620966992096,20.290833464660356,212.44,291.40000000000003,222.86255648535564,53.12859842684075,135.14000000000001,287.05,252.58664295676428,28.301698561133694,206.61,290.48,263.35313133426314,21.443762022579694,141.0,306.93,275.2984658298466,11.54585922959897,143.21,294.44,SSMIS_F18_L1B_BRIGHTNESS_20101108_0330.nc
280.3054913644214,11.758637906444138,130.26,293.19,242.70392026482446,6.804073775496893,158.4,264.3,257.39467962003454,9.911819601386275,134.95,280.3,266.68949424294766,11.907466081193755,128.75,288.69,221.7696021876799,54.1582941292546,126.0,285.32,252.54382728842833,31.02149839329896,196.75,292.95,272.731894070236,13.441405907215465,221.61,293.18,231.1553684513529,48.31658085038197,143.06,287.94,256.7633010938399,25.288059126092012,209.63,291.0,273.9904663212435,11.485746000217324,181.19,290.27,280.98317818077146,6.689805487965427,185.39000000000001,290.85,SSMIS_F18_L1B_BRIGHTNESS_20101108_1442.nc
278.10754861111116,14.33638460319381,128.5,291.79,244.69633240740737,7.658818802933777,156.38,272.19,258.84069907407405,9.521823680425419,140.46,283.6,266.8852451388889,12.048866916340504,132.81,290.65000000000003,225.36075833333334,53.0841462482577,135.67000000000002,286.44,254.05342407407406,30.585952211028946,201.5,292.2,271.30494212962964,14.783178587640021,230.66,291.53000000000003,232.87827777777778,47.3237689836829,151.83,287.96,258.1460513888889,25.19906634672073,213.73000000000002,291.15000000000003,271.6165182870371,14.637566581604867,156.45000000000002,290.94,278.7981212962963,10.43618891712827,158.28,291.71,SSMIS_F18_L1B_BRIGHTNESS_20101109_0318.nc
270.0356363425926,25.335819303604197,105.62,293.33,246.34987847222223,7.848519040625711,135.26,269.12,257.51192523148154,11.819906574898004,115.86,284.42,262.08805625,18.317057615559968,106.98,291.82,235.05203240740744,46.787591504337215,142.83,286.23,258.0440472222222,26.852849171535816,208.69,291.2,270.78592824074076,15.320779702243142,222.36,291.63,239.7162462962963,42.06759352818154,156.17000000000002,287.41,259.6590337962962,23.185332325088286,204.36,289.88,266.577362962963,23.43881082901697,141.03,290.89,272.8349863425926,20.951921317909022,146.04,291.5,SSMIS_F18_L1B_BRIGHTNESS_20101110_0305.nc
